province_id,province_name_th,document_id,source_document_number,source_row_count,record_count,source_score_sum,record_score_sum
province_d5f72dd6445611cd01ec014c770c73ac8f6ac95fdb4458877a92fc3a3dc75181,กรุงเทพมหานคร,pdf_01,1,0,0,0,0
province_61a53373b2e9c0df2ddce5a33c4089eea499fdbc79faa3628cdba92c7300467d,สมุทรปราการ,pdf_02,2,95,95,3084,3084
province_1b78d650f80db958220117d1dcd1288b01339891ccf137dc4478043ddc5c83df,นนทบุรี,pdf_03,3,182,182,6503,6503
province_845ca623fa05712e37ea31ed8051b7861da0d6002713b00cdf730b8c59dcc3ed,ปทุมธานี,pdf_04,4,181,181,6212,6212
province_8e4c697094a6a37a289e762186f967a284931f63ad533332b27d1215af83f5cc,พระนครศรีอยุธยา,pdf_05,5,105,105,3324,3324
province_88fad3b503736a2ba0c262b0e1fb38248a739901534f3e0d4d6975c373abaf8d,อ่างทอง,pdf_06,6,42,42,1562,1562
province_bdfa23f4fa3ccb6c3282cd6714398767f6d7ed1f9d7ffac0a798869f0166bf2f,ลพบุรี,pdf_07,7,73,73,2634,2634
province_a8ea20b679cce738a044db555e9357f78dfa6b8ec63de2d08e17dbfdf7f0363d,สิงห์บุรี,pdf_08,8,24,24,838,838
province_208ec967c4fe5bba69db8906245d976367f17a3a94e5b1d656c3cc049eb1d7ce,ชัยนาท,pdf_09,9,23,23,720,720
province_3f5926dca493faa4b9b619fcefdc017d138ec349db11ae8bd338633e455e63de,สระบุรี,pdf_10,10,91,91,3160,3160
province_60fae4fb7130d981888934eeac1e5e4ba1fd12604ae03f13fbae5c47fdf90a0a,ชลบุรี,pdf_11,11,82,82,2514,2514
province_f436b115b5a2c5199b7dc819caa5389457ce7a004ccb9498f71f00a9c934678b,ระยอง,pdf_12,12,59,59,1874,1874
province_b190ceb3ce3e28a65c703ab367c8de86e89387de1a365d13c26d8ace65eeaebb,จันทบุรี,pdf_13,13,13,13,446,446
province_216c67bb0a50283e0e0bc13ab88e51219b8d52de2148c5263379d75398d46599,ตราด,pdf_14,14,6,6,195,195
province_1a8c41b7f031ac6415d7b44dd62641bea4b68fe5615ede014f538679686791b9,ฉะเชิงเทรา,pdf_15,15,76,76,2487,2487
province_f78a5d7f079e5ff0a2a830f711e52a4138b3f7f5cbebc1d59c8de709aa41dcf2,ปราจีนบุรี,pdf_16,16,61,61,2258,2258
province_e029126957914b35dbda677d24392a095ea1226c8af2bb1e31514a6c2fb66c96,นครนายก,pdf_17,17,16,16,536,536
province_2ec2ca165553b5d139b399fde4ae9b3f0d9d0f0173dcd1305bc955e1390ec269,สระแก้ว,pdf_18,18,31,31,922,922
province_6893d9960d64e316e857a89f0777d9de6e1912123ee869aac7b0c88ca31acd76,นครราชสีมา,pdf_19,19,154,154,5327,5327
province_5176954a745be41b001233b6060001727abb1fd7486485033ab896f85cd9b21b,บุรีรัมย์,pdf_20,20,13,13,391,391
province_1c2423df6646c7a0382971987ab4dbff8807a2afac07907bae94d64346f45b31,สุรินทร์,pdf_21,21,18,18,682,682
province_f9f6638581f478ca33597c6a1c74c9c0f4ce868fabbfb1ca73867efbbdd0c9b4,ศรีสะเกษ,pdf_22,22,23,23,924,924
province_830f6d907811689d3560fb89e95861d5130345da574d5e4766c2c809d8bd8070,อุบลราชธานี,pdf_23,23,105,105,3830,3830
province_25d8bf9fefffd182eccac631bddc51bc205d530740beb6b9772cd40157850d77,ยโสธร,pdf_24,24,10,10,456,456
province_ca9cb8105cf695dca97875b1d0edad7cfe138181b70480f918dd72ea00bd331d,ชัยภูมิ,pdf_25,25,38,38,1182,1182
province_e572b30895be6b2013f8856886363581ba238f8ca67a3ae843615aced83566c7,อำนาจเจริญ,pdf_26,26,3,3,111,111
province_d8ff55c7b834b492767cdb1cd2cc911828177905d4070483ecf7aa99181f32d3,หนองบัวลำภู,pdf_27,27,52,52,1941,1941
province_bb126eb4aad0ac75409b1d19b4d93b69a146c5933be0b87eb98a0a051a4c94d0,ขอนแก่น,pdf_28,28,45,45,1574,1574
province_65935d2833058d299a07855390b78512635d91437e855fcd3b5c3683a18a17bb,อุดรธานี,pdf_29,29,61,61,2314,2314
province_c15ea61fd62a5acb4ed82635ca54e16ebeccc3629e38ce47a9cc88971794f69d,เลย,pdf_30,30,16,16,651,651
province_6a556bfa107abb19d9317a1c268a747ad2560ab289b9df61369d01a030c09007,หนองคาย,pdf_31,31,32,32,1150,1150
province_b1508162afb11c3057108b3f3dc93a38a973879e299350beb0bbbfed2288afbf,มหาสารคาม,pdf_32,32,24,24,864,864
province_c86a2082796589deef86e6aeaa5bdae3621b1c205ab421557dccbb7361f5f6bd,ร้อยเอ็ด,pdf_33,33,12,12,452,452
province_8677aab184608e563d5425f5cf72d65d8ec15064d07addcd0de523d912f31182,กาฬสินธุ์,pdf_34,34,9,9,382,382
province_39c4cbd455da8405cc1cf41546886a92c7b31928fbaf700f7059a0064328acd2,สกลนคร,pdf_35,35,42,42,1548,1548
province_73f3ae925c1a9ce77ce5ba38aa58933d80f522ace0e6912f1ac250d0d05c6815,นครพนม,pdf_36,36,51,51,1888,1888
province_d8504492103672de46f6bc811d019090476c90648523c9be80f101ec8b12ac5b,มุกดาหาร,pdf_37,37,2,2,77,77
province_0f9fb18b3e43874fcdad76149142f0e3ae85a18bc3607fbe80f198e2070a0d52,เชียงใหม่,pdf_38,38,42,42,1376,1376
province_a782012d6f56b7e3da6ed347d18372e544271f51440cffac68c036e6fe5f8acc,ลำพูน,pdf_39,39,18,18,609,609
province_7887f09d0762e042f654a2fc0167bc0e2f141eaca53f3aa159fb35e1f226d748,ลำปาง,pdf_40,40,35,35,949,949
province_b890c387f84fff20cc8ea70a81172a6446f14151f3c94b33407d70339d7e95c3,อุตรดิตถ์,pdf_41,41,17,17,433,433
province_ce6829f7c5f0dc91f3a1745caf9c92651e925576e2acf4b644174a63dd419805,แพร่,pdf_42,42,4,4,174,174
province_62c86a0034a7007df29157ce624da472dec13808546be18c0cd469ac1d7242d2,น่าน,pdf_43,43,10,10,354,354
province_2e2f1be5eb4f84deb40e52457a5bab41035d5b18526c56b95ac53335c1c310b2,พะเยา,pdf_44,44,18,18,648,648
province_8d7be05e8cb81f093dff115fce704c4bc14cb800909e0ab1dc70f0f04f4aebc0,เชียงราย,pdf_45,45,12,12,285,285
province_7e6c32aa439846a636e30987fe88441fd11b038e4807672c5680627af969cea7,แม่ฮ่องสอน,pdf_46,46,20,20,601,601
province_9e1273f0a9e7700e455f530390bc7ef66f3a5092af19cf3597775b8decb3989f,นครสวรรค์,pdf_47,47,13,13,335,335
province_57fc8367854fe7cf6d7e31e6eb2e76e696a5676abac0ce503d8cc3c45739a57b,อุทัยธานี,pdf_48,48,19,19,730,730
province_c4546bd954548320e0f834815dd8cbade814f6cfe0ab4a50056144b1be3199e6,กำแพงเพชร,pdf_49,49,35,35,1004,1004
province_762401d736b94eb088ce6e566df183fc3993071cba2783a36789a03fc77761c8,ตาก,pdf_50,50,49,49,1608,1608
province_73ddca5b13b7e7472e7d2bc01ca04a0960f225c595983ea6f47c420e0b8cb140,สุโขทัย,pdf_51,51,32,32,938,938
province_408dd2ffe85b13aa82597c1668ec6d6d6cfcf9410032fbeb718059bb161eca79,พิษณุโลก,pdf_52,52,39,39,1456,1456
province_ac4856117b973d75faab8204690b8eed812c328e71a855622b3a607f8f67711e,พิจิตร,pdf_53,53,65,65,2160,2160
province_2182c5f564c847a7ce4af5bff301091aebc5230d42c6322b4b8f59fcbeac3848,เพชรบูรณ์,pdf_54,54,79,78,2746,2716
province_a8ef0a89d3e1092f39c8b550f0116d34bf56db59c042829a2734d154b5fcd730,ราชบุรี,pdf_55,55,46,45,1532,1511
province_6cdf8a5b9ad2e6ecf70bf6390f78fb4e729181c2f473228709d948abfaf415b1,กาญจนบุรี,pdf_56,56,69,69,2577,2577
province_24d272f45793fb6fb4d518346ac725447dba07b185b97c5a97fb71c2e025a357,สุพรรณบุรี,pdf_57,57,113,112,4218,4203
province_f0fd599e03685b7a058ef3a932dd8e20d2247ac49c8bbbb6c0d83417d9ada35a,นครปฐม,pdf_58,58,90,90,3219,3219
province_8f33b0508c73f0b11b61fbf9308fb0712fe7442770172a9344e17c6f458cb880,สมุทรสาคร,pdf_59,59,80,80,2807,2807
province_b133b0404284dd7f053eed55fc4ef6b22503824f84696330319103936dbfa76a,สมุทรสงคราม,pdf_60,60,25,25,846,846
province_b037ee2d7cf1e6f1e4c97728c4c7994224988774d4a3196a0033c8c16702558f,เพชรบุรี,pdf_61,61,20,20,863,863
province_298e911dd6057fe845c9c6e3b3f280ed0f4f4b87e084d51093e4cf5e5f3c557c,ประจวบคีรีขันธ์,pdf_62,62,20,20,771,771
province_75ee5e2ddacee76a0ea5d0bf609643cd47c0f5def8c09cceacaad8e2a3ac2caf,นครศรีธรรมราช,pdf_63,63,39,39,1624,1624
province_58fa7d9ee088cca886f253ff9ea5ff0a163fce559c1d00159ee4e7ece98e91a0,กระบี่,pdf_64,64,115,115,4884,4884
province_8a5c134d9f42ab4d8107cc48e2f6b58e0161df993090d6f280ee14585303cbf8,พังงา,pdf_65,65,0,0,0,0
province_4de82d3004f413a201b99e5dacdc729bdd629ba645326806a8a285dfaf513fd9,ภูเก็ต,pdf_66,66,108,108,4449,4449
province_a52ba466fce4e9e9fd5a789ab168ff5e5620411b1a9287024b5da80aaa07b87b,สุราษฎร์ธานี,pdf_67,67,239,239,11143,11143
province_b6a3f27c3f187081704311ee0206b530b13ba7a7bbcb846fa57f6c78a272f6fc,ระนอง,pdf_68,68,94,94,4441,4441
province_c733b18381f87398ccf66e7379254ed4ec70852e66129778f31e67982290f9b5,ชุมพร,pdf_69,69,84,84,4026,4026
province_c93542e7136f1432e792be42c59aa7a4309cf7bd201b8756710359473a0708c3,สงขลา,pdf_70,70,68,68,3118,3118
province_88a3696660483fb2d0538721d8d94adad90db56615e40d8f29087baaca327f44,สตูล,pdf_71,71,23,23,1106,1106
province_d4f7fb8c8ad938e13fad4993d5b30678c2f0e3eddf3913ece765cdf7ee806770,ตรัง,pdf_72,72,72,72,3290,3290
province_5db7ed00da9b2c63e09bcb150de289e8e3e631f530d9b4268a78f9ed6339368e,พัทลุง,pdf_73,73,91,91,4179,4179
province_0644753d7ebd76b4f622674abd84f3447e4038b7ce7d0b0d73f1c8ec87671135,ปัตตานี,pdf_74,74,88,88,3967,3967
province_c84d31a361c3aef3c67bde96a7fd63e04a866253b2f44376c48ae9c4b0930240,ยะลา,pdf_75,75,32,32,1323,1323
province_27b8a467c8e0e2f444e0f32f1a8628ffffab30f5c0d9ac41e6a82505c6533391,นราธิวาส,pdf_76,76,62,62,2774,2774
province_e49d0533a13576ba83e3a401cc9a71843b554b01298ef68cb39930968649a320,บึงกาฬ,pdf_77,77,11,11,378,378
